<?xml version="1.0" encoding="UTF-8"?>
<!DOCTYPE suite SYSTEM "http://testng.org/testng-1.0.dtd">
<suite name="Failed suite [Default suite]">
  <test name="Default test(failed)" preserve-order="true">
    <classes>
      <class name="com.kagami.uiTests.ApplicationUi">
        <methods>
          <include name="LogIn"/>
        </methods>
      </class> <!-- com.kagami.uiTests.ApplicationUi -->
    </classes>
  </test> <!-- Default test(failed) -->
</suite> <!-- Failed suite [Default suite] -->
