<?xml version="1.0" encoding="UTF-8"?>
<!DOCTYPE suite SYSTEM "http://testng.org/testng-1.0.dtd">
<suite guice-stage="DEVELOPMENT" name="Failed suite [Suite]">
  <listeners>
    <listener class-name="com.kagami.library.CustomizedReport_Deepika"/>
    <listener class-name="com.kagami.library.RetryListener"/>
    <listener class-name="com.kagami.library.TestListener"/>
  </listeners>
  <test name="Functional Test (failed)">
    <classes>
      <class name="com.kagami.functionaltest.Demo2">
        <methods>
          <include name="browserClose"/>
          <include name="login"/>
        </methods>
      </class> <!-- com.kagami.functionaltest.Demo2 -->
      <class name="com.kagami.testconfig.EmailSending">
        <methods>
          <include name="preSuite"/>
        </methods>
      </class> <!-- com.kagami.testconfig.EmailSending -->
    </classes>
  </test> <!-- Functional Test (failed) -->
</suite> <!-- Failed suite [Suite] -->
