<?xml version="1.0" encoding="UTF-8"?>
<!DOCTYPE suite SYSTEM "http://testng.org/testng-1.0.dtd">
<suite name="Failed suite [Suite]">
  <test name="Test(failed)" preserve-order="true">
    <classes>
      <class name="com.kagami.testconfig.TestPreconditions">
        <methods>
          <include name="presuite"/>
          <include name="postsuite"/>
        </methods>
      </class> <!-- com.kagami.testconfig.TestPreconditions -->
      <class name="com.kagami.uiTests.ApplicationUi">
        <methods>
          <include name="LogIn"/>
        </methods>
      </class> <!-- com.kagami.uiTests.ApplicationUi -->
    </classes>
  </test> <!-- Test(failed) -->
</suite> <!-- Failed suite [Suite] -->
