<?xml version="1.0" encoding="UTF-8"?>
<!DOCTYPE suite SYSTEM "http://testng.org/testng-1.0.dtd">
<suite guice-stage="DEVELOPMENT" name="Failed suite [Default suite]">
  <test name="Default test(failed)">
    <classes>
      <class name="com.kagami.functionaltest.Demo2">
        <methods>
          <include name="browserClose"/>
          <include name="login"/>
        </methods>
      </class> <!-- com.kagami.functionaltest.Demo2 -->
    </classes>
  </test> <!-- Default test(failed) -->
</suite> <!-- Failed suite [Default suite] -->
