<?xml version="1.0" encoding="UTF-8"?>
<!DOCTYPE suite SYSTEM "http://testng.org/testng-1.0.dtd">
<suite guice-stage="DEVELOPMENT" name="Failed suite [Suite]">
  <listeners>
    <listener class-name="com.kagami.library.CustomizedReport"/>
  </listeners>
  <test name="Test(failed)">
    <classes>
      <class name="com.kagami.testconfig.TestConfig">
        <methods>
          <include name="presuite"/>
          <include name="main"/>
        </methods>
      </class> <!-- com.kagami.testconfig.TestConfig -->
      <class name="com.kagami.uiTests.demo_TestCases">
        <methods>
          <include name="register"/>
          <include name="browserShutDown"/>
        </methods>
      </class> <!-- com.kagami.uiTests.demo_TestCases -->
    </classes>
  </test> <!-- Test(failed) -->
</suite> <!-- Failed suite [Suite] -->
